<?xml version="1.0" encoding="UTF-8" standalone="no"?><Books>
    
<Book>
    <BookName>Harry pater</BookName>
    <Auther>J. K. Rowling</Auther>
    <Genre>Novel</Genre>
   
</Book>
<Book>
    <BookName>The Wind in the Willows</BookName>
    <Auther>Kenneth Grahame</Auther>
    <Genre>Novel</Genre>
    
</Book>
<Book>
    <BookName>Lord of the Flies</BookName>
    <Auther>William Golding</Auther>
    <Genre>Classic</Genre>
   
</Book>
<Book>
    <BookName>The Giver</BookName>
    <Auther>Lois Lowry</Auther>
    <Genre>Novel</Genre>
   
</Book>
<Book>
    <BookName>Left You Dead</BookName>
    <Auther>Peter James</Auther>
    <Genre>Criminal</Genre>
   
</Book>
<Book><BookName>Harry</BookName><Auther>j.k</Auther><Genre>Novel</Genre></Book></Books>