<?xml version="1.0" encoding="UTF-8" standalone="no"?><Books>
    
<Book>
    <BookName>Harry pater</BookName>
    <Auther>J. K. Rowling</Auther>
    <Genre>novels</Genre>
    <UserName>sara</UserName>
</Book>
<Book>
    <BookName>Lord of the Flies</BookName>
    <Auther>William Golding</Auther>
    <Genre>Classic</Genre>
    <UserName>sara</UserName>
</Book>
<Book>
    <BookName>The Wind in the Willows</BookName>
    <Auther>Kenneth Grahame</Auther>
    <Genre>Novel</Genre>
    <UserName>aynaz</UserName>
</Book>
<Book>
    <BookName>The Wind in the Willows</BookName>
    <Auther>Kenneth Grahame</Auther>
    <Genre>Novel</Genre>
    <UserName>aynaz</UserName>
</Book>
<Book>
    <BookName>The Giver</BookName>
    <Auther>Lois Lowry</Auther>
    <Genre>Novel</Genre>
    <UserName>aynaz</UserName>
</Book>
<Book><BookName>Harry pater</BookName><Auther>J. K. Rowling</Auther><Genre>Novel</Genre><UserName>aynaz</UserName></Book></Books>