<?xml version="1.0" encoding="UTF-8" standalone="no"?><Users>
    <User>
    <FullName>mahboubeh kianifard</FullName>
    <Username>aynaz</Username>
    <Password>123456</Password>
    <Phone>09176098896</Phone>
    <Email>designer@gmail.com</Email>
</User>
<User>
    <FullName>sara kianifard</FullName>
    <Username>sara</Username>
    <Password>11148910</Password>
    <Phone>09385263212</Phone>
    <Email>sara@gmail.com</Email>
</User>

<User>
    <FullName>Zahra Hamidi</FullName>
    <Username>Zahra</Username>
    <Password>147852</Password>
    <Phone>09124568563</Phone>
    <Email/>
</User>
<User><FullName>reza amiri</FullName><Username>reza</Username><Password>8520258</Password><Phone>09176985231</Phone><Email/></User></Users>